Type,From,To,Quantity,App,Date,Transaction Hash,Memo
"FALTA ESSE","0x1e9482404d26040232e8380D488c35Ddb277b105","0xc2132D05D31c914a87C6611C10748AEb04B58e8F","3.31209","FALTA ESSE","Jul-18-2024 04:52:33 AM UTC","0xe792185606ccd83da303443125a9a942a71bb25f4acce759482c99c7e6a60d71","SWAPX:18.51|0.60|5.4075|pxusdt|e9040088820240718045224587396314"
"FALTA ESSE","0x1e9482404d26040232e8380D488c35Ddb277b105","0xc2132D05D31c914a87C6611C10748AEb04B58e8F","5.72543","FALTA ESSE","Jul-18-2024 04:38:41 AM UTC","0x646e5102fe34d95d7a646596fe24896edd67f13108c9e7d6666572c8396f401d","SWAPX:31.99|1.03|5.4075|pxusdt|e9040088820240718043824587328240"
"FALTA ESSE","0x1e9482404d26040232e8380D488c35Ddb277b105","0xc2132D05D31c914a87C6611C10748AEb04B58e8F","2.41333","FALTA ESSE","Jul-18-2024 04:35:31 AM UTC","0xc48e99312cd753d7ae180effc37efa09a2975d3672fa7651f74c8441e7c40519","SWAPX:13.49|0.44|5.4075|pxusdt|e10573521202407180435jj8yjyomkjt"
"FALTA ESSE","0x1e9482404d26040232e8380D488c35Ddb277b105","0xc2132D05D31c914a87C6611C10748AEb04B58e8F","2.41333","FALTA ESSE","Jul-18-2024 04:11:21 AM UTC","0xde08288c1d840be290caf78dca4c5ab5d2c6b4cd19c917f8a4375a81a6e05103","SWAPX:13.49|0.44|5.4075|pxusdt|e165015552024071804110f74b1b188c"
"FALTA ESSE","0x1e9482404d26040232e8380D488c35Ddb277b105","0xc2132D05D31c914a87C6611C10748AEb04B58e8F","5.32598","FALTA ESSE","Jul-18-2024 03:43:25 AM UTC","0x721783693f37352f6a703cc85b372fbb82d27cc68ba0cded15ad30684a5be54c","SWAPX:29.76|0.96|5.4075|pxusdt|e18236120202407180343s129456adf8"
"FALTA ESSE","0x1e9482404d26040232e8380D488c35Ddb277b105","0xc2132D05D31c914a87C6611C10748AEb04B58e8F","5.32598","FALTA ESSE","Jul-18-2024 03:27:45 AM UTC","0xf95cbc470f559fc420adde593afaefde5ba1b0c49fd692773ff0315f2bf7563f","SWAPX:29.76|0.96|5.4075|pxusdt|e228964312024071803273d1aoxj8h9g"
"FALTA ESSE","0x1e9482404d26040232e8380D488c35Ddb277b105","0xc2132D05D31c914a87C6611C10748AEb04B58e8F","5.32598","FALTA ESSE","Jul-18-2024 03:24:31 AM UTC","0x36e86dad48bf20f1f206d555638cd64b70ff4b20f35ae71a4d947224ad9059cd","SWAPX:29.76|0.96|5.4075|pxusdt|e00416968202407180324hq1ea6znmkj"
"FALTA ESSE","0x1e9482404d26040232e8380D488c35Ddb277b105","0xc2132D05D31c914a87C6611C10748AEb04B58e8F","1.99539","FALTA ESSE","Jul-18-2024 03:23:19 AM UTC","0x5fe3f146fb47f36e9644a816ba7c3e5e12126bad6a147f9cc752171a46ad3d10","SWAPX:11.16|0.37|5.4075|pxusdt|e0955448020240718032246410794283"
"FALTA ESSE","0x1e9482404d26040232e8380D488c35Ddb277b105","0xc2132D05D31c914a87C6611C10748AEb04B58e8F","2.41333","FALTA ESSE","Jul-18-2024 03:15:01 AM UTC","0x181f9cc2a3df9ab5cf08ac61d9e98bfa8c272b67b0ea747b27fb00fac7cacf5d","SWAPX:13.49|0.44|5.4075|pxusdt|e60701190202407180314dy5oc5r6r5d"
"FALTA ESSE","0x1e9482404d26040232e8380D488c35Ddb277b105","0xc2132D05D31c914a87C6611C10748AEb04B58e8F","1.99539","FALTA ESSE","Jul-18-2024 03:07:39 AM UTC","0x732c2a29e2f2afe887521df632834a20f9ddd9e97dc52d1c34fbc6b8df2c125a","SWAPX:11.16|0.37|5.4075|pxusdt|e9040088820240718030724586643047"
"FALTA ESSE","0x1e9482404d26040232e8380D488c35Ddb277b105","0xc2132D05D31c914a87C6611C10748AEb04B58e8F","2.41333","FALTA ESSE","Jul-18-2024 03:06:01 AM UTC","0x70df86634e33c4767ebf487a48b6d57199d6c4c9f6c2cf5843345e1c52f55af8","SWAPX:13.49|0.44|5.4075|pxusdt|e0000000020240718030531740087487"
"FALTA ESSE","0x1e9482404d26040232e8380D488c35Ddb277b105","0xc2132D05D31c914a87C6611C10748AEb04B58e8F","4.47103","FALTA ESSE","Jul-18-2024 03:01:05 AM UTC","0x3fa44b5ba760b78898b3d3d550a74971d0cf01de50b6c9bb2f421b2d48887123","SWAPX:25.00|0.81|5.4104|pxusdt|e54190525202407180300wtgkgxlkuqi"
"FALTA ESSE","0x1e9482404d26040232e8380D488c35Ddb277b105","0xc2132D05D31c914a87C6611C10748AEb04B58e8F","5.29168","FALTA ESSE","Jul-18-2024 02:58:57 AM UTC","0x9c89805d23dc7789a3899f498b08bc21f219c40943709311471f5b9362065b17","SWAPX:29.59|0.96|5.4104|pxusdt|e0000000020240718025835752222674"
"FALTA ESSE","0x1e9482404d26040232e8380D488c35Ddb277b105","0xc2132D05D31c914a87C6611C10748AEb04B58e8F","2.41203","FALTA ESSE","Jul-18-2024 02:53:03 AM UTC","0x3a15d715b24045577ee199a8532f262edd77ac5074d619870bfcaade625e93b8","SWAPX:13.49|0.44|5.4104|pxusdt|e18236120202407180252s05ebbecd66"
"FALTA ESSE","0x1e9482404d26040232e8380D488c35Ddb277b105","0xc2132D05D31c914a87C6611C10748AEb04B58e8F","4.15867","FALTA ESSE","Jul-18-2024 02:52:45 AM UTC","0x9eeb0e52e93ddaee49dedaf2becbfb2f2140471fa92761527e2970878b810407","SWAPX:23.25|0.75|5.4104|pxusdt|e10573521202407180252a9e4myrmyld"
"FALTA ESSE","0x1e9482404d26040232e8380D488c35Ddb277b105","0xc2132D05D31c914a87C6611C10748AEb04B58e8F","23.29227","FALTA ESSE","Jul-18-2024 02:41:03 AM UTC","0x5a818d7218d405f25bff9a78aa180f1e4a33571b5d4a2986c36d5b39220ce3d4","SWAPX:130.20|4.18|5.4104|pxusdt|e60701190202407180240dy5zv81q88r"
"FALTA ESSE","0x1e9482404d26040232e8380D488c35Ddb277b105","0xc2132D05D31c914a87C6611C10748AEb04B58e8F","5.25841","FALTA ESSE","Jul-18-2024 02:34:17 AM UTC","0x82d09f44f269adca0054dea48d13ae0a53e8e3aa54359ce7138371c2a59d6505","SWAPX:29.40|0.95|5.4104|pxusdt|e0000000020240718023326714392292"
"FALTA ESSE","0x1e9482404d26040232e8380D488c35Ddb277b105","0xc2132D05D31c914a87C6611C10748AEb04B58e8F","6.49104","FALTA ESSE","Jul-18-2024 02:32:29 AM UTC","0x17b043fe365a4901396ef3dc0b7471473b2997699cd1a000ecb0213f1d44ac7c","SWAPX:36.27|1.17|5.4075|pxusdt|e60701190202407180231dy50nm9n2c1"
"FALTA ESSE","0x1e9482404d26040232e8380D488c35Ddb277b105","0xc2132D05D31c914a87C6611C10748AEb04B58e8F","2.41333","FALTA ESSE","Jul-18-2024 02:31:43 AM UTC","0x1e6bd760423f5e3cbe6f49fe04f4d584b2ec909004e9672c33e2eb60f82fe144","SWAPX:13.49|0.44|5.4075|pxusdt|e00360305202407180231ae98929f572"
"FALTA ESSE","0x1e9482404d26040232e8380D488c35Ddb277b105","0xc2132D05D31c914a87C6611C10748AEb04B58e8F","3.49517","FALTA ESSE","Jul-18-2024 02:18:31 AM UTC","0x8ae28cb3e36735f8233d841bb55a75dc154933345863512689d69c0338287246","SWAPX:19.53|0.63|5.4075|pxusdt|e18236120202407180218s07bed809b0"
"FALTA ESSE","0x958972306C0DB6823FEE650e5618EAc31FA36B9D","0xc2132D05D31c914a87C6611C10748AEb04B58e8F","37.45572","FALTA ESSE","Jul-18-2024 02:12:53 AM UTC","0xdc97de42cfbac865879ae06efeebc6a233a3090f8e62f8f9f0a27bb8db063862","SWAPX:209.25|6.71|5.4075|pxusdt|e60701190202407180212dy5w2c07r8l"
"FALTA ESSE","0x1e9482404d26040232e8380D488c35Ddb277b105","0xc2132D05D31c914a87C6611C10748AEb04B58e8F","3.31209","FALTA ESSE","Jul-18-2024 02:12:01 AM UTC","0x1d17cc05adeb328b84258eaaf06f5cdc3d084d2d8e0a7fad2e0d74c2e7b4801f","SWAPX:18.51|0.60|5.4075|pxusdt|e0000000020240718021139252187400"
"FALTA ESSE","0x1e9482404d26040232e8380D488c35Ddb277b105","0xc2132D05D31c914a87C6611C10748AEb04B58e8F","23.30487","FALTA ESSE","Jul-18-2024 02:09:23 AM UTC","0x63ae4f1ed9cd60ef4056e301837063c921ef339ce1c023de8a5b5e09b66c0227","SWAPX:130.20|4.18|5.4075|pxusdt|e0856170120240718020904652657470"
"FALTA ESSE","0x1e9482404d26040232e8380D488c35Ddb277b105","0xc2132D05D31c914a87C6611C10748AEb04B58e8F","3.31209","FALTA ESSE","Jul-18-2024 02:09:03 AM UTC","0x8fdeff8200abe52d0e6673780fdc5d4c8cbdd9f2e19e9c28d207596978ad05e8","SWAPX:18.51|0.60|5.4075|pxusdt|e60746948202407180208a2360bt0wpo"
"FALTA ESSE","0x1e9482404d26040232e8380D488c35Ddb277b105","0xc2132D05D31c914a87C6611C10748AEb04B58e8F","4.47345","FALTA ESSE","Jul-18-2024 02:00:47 AM UTC","0x52b7f1ba8d7a0309b4d6e8b6447f3139dd09edd176739691db2358cfc084e5f6","SWAPX:25.00|0.81|5.4075|pxusdt|e9040088820240718020024585741730"
"FALTA ESSE","0x1e9482404d26040232e8380D488c35Ddb277b105","0xc2132D05D31c914a87C6611C10748AEb04B58e8F","2.41333","FALTA ESSE","Jul-18-2024 01:59:35 AM UTC","0x24b82fcdb95260488e7f9e12021f6278cd4f1b8e04355801a13510d2f058de37","SWAPX:13.49|0.44|5.4075|pxusdt|e18236120202407180159s1594c35f72"
"FALTA ESSE","0x958972306C0DB6823FEE650e5618EAc31FA36B9D","0xc2132D05D31c914a87C6611C10748AEb04B58e8F","2.41333","FALTA ESSE","Jul-18-2024 01:51:03 AM UTC","0x5b24e210115a300358f9a2275067f3a0a78196d5004b83ef086bcbb08bd778a4","SWAPX:13.49|0.44|5.4075|pxusdt|e02015588202407180150l4ifrefrwlw"
"FALTA ESSE","0x1e9482404d26040232e8380D488c35Ddb277b105","0xc2132D05D31c914a87C6611C10748AEb04B58e8F","3.31209","FALTA ESSE","Jul-18-2024 01:51:01 AM UTC","0x8a29fba81d70dd2d8016f6f570777b12fc2140acca4772fa6086d3fe0d5fe83f","SWAPX:18.51|0.60|5.4075|pxusdt|e00416968202407180150djbsy5xpobx"
"FALTA ESSE","0xd75469E3A9f9F2CED454ac06F1880153C2158a60","0xc2132D05D31c914a87C6611C10748AEb04B58e8F","3.31209","FALTA ESSE","Jul-18-2024 01:49:53 AM UTC","0x92463f0264b8a6dcbeea858f545bf1360fddf6ed37bdc8fdc914000dd8bbb758","SWAPX:18.51|0.60|5.4075|pxusdt|e60701190202407180149dy5tdwjiiv3"
"FALTA ESSE","0x1e9482404d26040232e8380D488c35Ddb277b105","0xc2132D05D31c914a87C6611C10748AEb04B58e8F","3.31209","FALTA ESSE","Jul-18-2024 01:49:15 AM UTC","0x4ee8ae0ec6654274cde96d51ee4639c17ca89658fcb4f79dfc5967cd23f54302","SWAPX:18.51|0.60|5.4075|pxusdt|e18236120202407180148s16532f3d1e"
"FALTA ESSE","0x1e9482404d26040232e8380D488c35Ddb277b105","0xc2132D05D31c914a87C6611C10748AEb04B58e8F","3.31209","FALTA ESSE","Jul-18-2024 01:47:51 AM UTC","0x4aa1503cd9323cc8c44968e30bba9da226aba2c6396cd1e2c8f34db4737405b0","SWAPX:18.51|0.60|5.4075|pxusdt|e18236120202407180147s0975b4d7b3"
"FALTA ESSE","0x1e9482404d26040232e8380D488c35Ddb277b105","0xc2132D05D31c914a87C6611C10748AEb04B58e8F","5.32598","FALTA ESSE","Jul-18-2024 01:44:17 AM UTC","0x1cfbf697521e76beff5ff863becb166c782dc20ac47bbeb1aad7c354aa08e6fb","SWAPX:29.76|0.96|5.4075|pxusdt|e18236120202407180143s04b9c21a38"
"FALTA ESSE","0x1e9482404d26040232e8380D488c35Ddb277b105","0xc2132D05D31c914a87C6611C10748AEb04B58e8F","4.47345","FALTA ESSE","Jul-18-2024 01:41:57 AM UTC","0x6e89c81815a243e0d026bf33cbc7509d0f961330f5e41a685db4055ce3130c95","SWAPX:25.00|0.81|5.4075|pxusdt|e0955448020240718014108692123589"
"FALTA ESSE","0x1e9482404d26040232e8380D488c35Ddb277b105","0xc2132D05D31c914a87C6611C10748AEb04B58e8F","23.30487","FALTA ESSE","Jul-18-2024 01:41:37 AM UTC","0x3e142e9c4f083c1c0bc5754dbcdf0c4ea2fa2ffb0cfecdcf8f770af667e9ed73","SWAPX:130.20|4.18|5.4075|pxusdt|e9040088820240718014124585398598"
"FALTA ESSE","0xd75469E3A9f9F2CED454ac06F1880153C2158a60","0xc2132D05D31c914a87C6611C10748AEb04B58e8F","3.97784","FALTA ESSE","Jul-18-2024 01:40:41 AM UTC","0xa79330e547f4a5e4b4cb0068d809dcf2667078bb67a1978634f652e84667f73b","SWAPX:22.23|0.72|5.4075|pxusdt|e18236120202407180140s01b6892271"
"FALTA ESSE","0x1e9482404d26040232e8380D488c35Ddb277b105","0xc2132D05D31c914a87C6611C10748AEb04B58e8F","24.13706","FALTA ESSE","Jul-18-2024 01:35:09 AM UTC","0x0dec4e4f6414aaaf74ee8adc6732f7095157d154172c949fc18b858c74628814","SWAPX:134.85|4.33|5.4075|pxusdt|e18236120202407180134s136e197459"
"FALTA ESSE","0x1e9482404d26040232e8380D488c35Ddb277b105","0xc2132D05D31c914a87C6611C10748AEb04B58e8F","17.47958","FALTA ESSE","Jul-18-2024 01:27:39 AM UTC","0xdb304a3cf331532e4a6c33a2fe51ec27c057052cbed1f1d8c2e428ddadc06a91","SWAPX:97.65|3.13|5.4075|pxusdt|e60746948202407180127a1227n8l5nc"
"FALTA ESSE","0x1e9482404d26040232e8380D488c35Ddb277b105","0xc2132D05D31c914a87C6611C10748AEb04B58e8F","2.41333","FALTA ESSE","Jul-18-2024 01:26:03 AM UTC","0xf43c285676b9feb3367af8c74a861d3237a79fe57db10cca674fce9e93fceecb","SWAPX:13.49|0.44|5.4075|pxusdt|e00360305202407180125a54252ae433"
"FALTA ESSE","0x958972306C0DB6823FEE650e5618EAc31FA36B9D","0xc2132D05D31c914a87C6611C10748AEb04B58e8F","2.41333","FALTA ESSE","Jul-18-2024 01:26:01 AM UTC","0x2f860b95d9e5b4e3c3f2d8149305ba044b2118e0d51a6dd0a4e2505aa02705a6","SWAPX:13.49|0.44|5.4075|pxusdt|e18236120202407180125s141684c756"
"FALTA ESSE","0x1e9482404d26040232e8380D488c35Ddb277b105","0xc2132D05D31c914a87C6611C10748AEb04B58e8F","5.26125","FALTA ESSE","Jul-18-2024 01:25:53 AM UTC","0x0b2d20b82695be6c93e8c3967e4f8caaaae20d74a06fff00a6d76e61be48cd32","SWAPX:29.40|0.95|5.4075|pxusdt|e60701190202407180125dy54ybliipu"
"FALTA ESSE","0x1e9482404d26040232e8380D488c35Ddb277b105","0xc2132D05D31c914a87C6611C10748AEb04B58e8F","3.75777","FALTA ESSE","Jul-18-2024 01:24:55 AM UTC","0x49dbb785ee0455d688bcaf6fa26d947d1df6beef84b3de84b5afebf05f06c17c","SWAPX:21.00|0.68|5.4075|pxusdt|e0000000020240718012432721996263"
"FALTA ESSE","0x958972306C0DB6823FEE650e5618EAc31FA36B9D","0xc2132D05D31c914a87C6611C10748AEb04B58e8F","3.31209","FALTA ESSE","Jul-18-2024 01:24:25 AM UTC","0x0fa645a34725c79b7fb3ef0489d7f10e0561aa31ae049c3fe2bc35961e221a5c","SWAPX:18.51|0.60|5.4075|pxusdt|e00416968202407180124hc9ls0gg6uz"
"FALTA ESSE","0x1e9482404d26040232e8380D488c35Ddb277b105","0xc2132D05D31c914a87C6611C10748AEb04B58e8F","1.99539","FALTA ESSE","Jul-18-2024 01:24:03 AM UTC","0xe3815f5a2a6d12848446772ac975fe48febb9710e546b44fd9ff0a398f226d2d","SWAPX:11.16|0.37|5.4075|pxusdt|e18236120202407180123s021c76ca18"
"FALTA ESSE","0x1e9482404d26040232e8380D488c35Ddb277b105","0xc2132D05D31c914a87C6611C10748AEb04B58e8F","3.31209","FALTA ESSE","Jul-18-2024 01:22:03 AM UTC","0x207fce4910fb84afa074df363ffa508110b62498aef130400879a45347296623","SWAPX:18.51|0.60|5.4075|pxusdt|e22896431202407180121r20odvscwcg"
"FALTA ESSE","0x1e9482404d26040232e8380D488c35Ddb277b105","0xc2132D05D31c914a87C6611C10748AEb04B58e8F","5.32598","FALTA ESSE","Jul-18-2024 01:20:19 AM UTC","0x349b13835d0e92f2e995de541a2100ccc678dd08c8f52aa4dbf518fc19b3a004","SWAPX:29.76|0.96|5.4075|pxusdt|e18236120202407180119s169944c9ca"
"FALTA ESSE","0x958972306C0DB6823FEE650e5618EAc31FA36B9D","0xc2132D05D31c914a87C6611C10748AEb04B58e8F","5.32598","FALTA ESSE","Jul-18-2024 01:20:11 AM UTC","0x49bd0e918559122fe1c900c1510e9ecbd421595f8bcecfd196867feb5dca850c","SWAPX:29.76|0.96|5.4075|pxusdt|e60746948202407180119m3929io5hbo"
"FALTA ESSE","0x1e9482404d26040232e8380D488c35Ddb277b105","0xc2132D05D31c914a87C6611C10748AEb04B58e8F","5.32598","FALTA ESSE","Jul-18-2024 01:20:07 AM UTC","0x935efc768aa9756908ee144532b7988ead54660996769c75603e5903934b5cc8","SWAPX:29.76|0.96|5.4075|pxusdt|e00416968202407180119fmtyzorxwp7"
"FALTA ESSE","0x1e9482404d26040232e8380D488c35Ddb277b105","0xc2132D05D31c914a87C6611C10748AEb04B58e8F","5.26125","FALTA ESSE","Jul-18-2024 01:19:41 AM UTC","0xb383e8fd02048d3b0a789c8fa28d61146c82a1064ecd502b97c6fb0a4d621df4","SWAPX:29.40|0.95|5.4075|pxusdt|e00416968202407180119ilivuft30ea"
"FALTA ESSE","0x1e9482404d26040232e8380D488c35Ddb277b105","0xc2132D05D31c914a87C6611C10748AEb04B58e8F","2.41333","FALTA ESSE","Jul-18-2024 01:18:29 AM UTC","0xe6ce6eb917ee8a1c4434942126e34242404c3077200d36681ec67f83543774a4","SWAPX:13.49|0.44|5.4075|pxusdt|e9040088820240718011824584916237"
"FALTA ESSE","0x1e9482404d26040232e8380D488c35Ddb277b105","0xc2132D05D31c914a87C6611C10748AEb04B58e8F","3.31209","FALTA ESSE","Jul-18-2024 01:16:59 AM UTC","0xf3b989b4fcb4c8f6ec513ccf0955439227699da972d6b2c364fe517c51a136d2","SWAPX:18.51|0.60|5.4075|pxusdt|e0000000020240718011636271624791"
"FALTA ESSE","0x1e9482404d26040232e8380D488c35Ddb277b105","0xc2132D05D31c914a87C6611C10748AEb04B58e8F","3.31209","FALTA ESSE","Jul-18-2024 01:10:41 AM UTC","0xa0608b4ba90320efb6eb7e1f6a38698db9d584fa7b90306840b4e3b19f9430c7","SWAPX:18.51|0.60|5.4075|pxusdt|e60701190202407180110dy5lsreb9o3"
"FALTA ESSE","0x1e9482404d26040232e8380D488c35Ddb277b105","0xc2132D05D31c914a87C6611C10748AEb04B58e8F","10.15265","FALTA ESSE","Jul-18-2024 01:10:33 AM UTC","0x55c059e7fafd53e4dd91dc842002bb5e32ce8e7b8be3b4fc2ee44d726510ab2a","SWAPX:56.73|1.83|5.4075|pxusdt|e0398537520240718011011467364662"
"FALTA ESSE","0x958972306C0DB6823FEE650e5618EAc31FA36B9D","0xc2132D05D31c914a87C6611C10748AEb04B58e8F","4.48071","FALTA ESSE","Jul-18-2024 01:08:09 AM UTC","0xf48416ef726531b391079a6032b004b7399babdb99d0ce823f063e3cebaaa77d","SWAPX:25.00|0.81|5.3987|pxusdt|e9040088820240718010724584683645"
"FALTA ESSE","0x1e9482404d26040232e8380D488c35Ddb277b105","0xc2132D05D31c914a87C6611C10748AEb04B58e8F","3.31209","FALTA ESSE","Jul-18-2024 01:08:03 AM UTC","0xd27a6b5bf22647ee34d3e0d24d63618df92a724e0cbc5f216908358ba8f1d084","SWAPX:18.51|0.60|5.4075|pxusdt|e0856170120240718010746935891952"
"FALTA ESSE","0x1e9482404d26040232e8380D488c35Ddb277b105","0xc2132D05D31c914a87C6611C10748AEb04B58e8F","5.32598","FALTA ESSE","Jul-18-2024 01:07:25 AM UTC","0xd397671c5908af8c26dd3d117537c871ead658b826f8616e3a1a1622670f8672","SWAPX:29.76|0.96|5.4075|pxusdt|e10573521202407180107igbqyzu7frd"
"FALTA ESSE","0x1e9482404d26040232e8380D488c35Ddb277b105","0xc2132D05D31c914a87C6611C10748AEb04B58e8F","3.31209","FALTA ESSE","Jul-18-2024 01:06:35 AM UTC","0x146dcd84f659d0fcc306d3872d3d4bcdf0679459d9c0af7e931a37c84780d531","SWAPX:18.51|0.60|5.4075|pxusdt|e00416968202407180106ohm02ili2no"
"FALTA ESSE","0x958972306C0DB6823FEE650e5618EAc31FA36B9D","0xc2132D05D31c914a87C6611C10748AEb04B58e8F","3.51237","FALTA ESSE","Jul-18-2024 01:03:47 AM UTC","0xb9531b7a6eee5240739e2580af38327c6fb5b3245c117239b53b41b0001ce3ac","SWAPX:19.53|0.63|5.381|pxusdt|e0000000020240718010319624549528"
"FALTA ESSE","0x1e9482404d26040232e8380D488c35Ddb277b105","0xc2132D05D31c914a87C6611C10748AEb04B58e8F","3.31209","FALTA ESSE","Jul-18-2024 01:02:25 AM UTC","0xfe061a7e4df8379779f3de26c085bcfd6e623f0530bd5f72179b22c94c526dec","SWAPX:18.51|0.60|5.4075|pxusdt|e60701190202407180101dy5sgx82jjh"
"FALTA ESSE","0x1e9482404d26040232e8380D488c35Ddb277b105","0xc2132D05D31c914a87C6611C10748AEb04B58e8F","6.49104","FALTA ESSE","Jul-18-2024 01:01:15 AM UTC","0x35737d03df22d980381648ef8177c783a0bbc7f907ef604520ba99cad7ef57ec","SWAPX:36.27|1.17|5.4075|pxusdt|e003603052024071801009790f515b21"
"FALTA ESSE","0xd75469E3A9f9F2CED454ac06F1880153C2158a60","0xc2132D05D31c914a87C6611C10748AEb04B58e8F","3.31209","FALTA ESSE","Jul-18-2024 12:59:53 AM UTC","0x5f8f94070daf3c36844e857a8f49b2d99025e518dce69b52263ba0a2f67b0b42","SWAPX:18.51|0.60|5.4075|pxusdt|e00360305202407180059968e7e5be2d"
"FALTA ESSE","0x958972306C0DB6823FEE650e5618EAc31FA36B9D","0xc2132D05D31c914a87C6611C10748AEb04B58e8F","5.32598","FALTA ESSE","Jul-18-2024 12:59:51 AM UTC","0x2459140f08c69669c7cb01318588fc7139d940e767f610f6780457bc169352cd","SWAPX:29.76|0.96|5.4075|pxusdt|e0856170120240718005934363592774"
"FALTA ESSE","0x1e9482404d26040232e8380D488c35Ddb277b105","0xc2132D05D31c914a87C6611C10748AEb04B58e8F","3.31209","FALTA ESSE","Jul-18-2024 12:59:47 AM UTC","0xf476a45af0c38f8ca4e6eb1c7f34153451de8752a37b2134af648e35c361d6d8","SWAPX:18.51|0.60|5.4075|pxusdt|e18236120202407180059s0555921a3e"
"FALTA ESSE","0x1e9482404d26040232e8380D488c35Ddb277b105","0xc2132D05D31c914a87C6611C10748AEb04B58e8F","2.41333","FALTA ESSE","Jul-18-2024 12:59:15 AM UTC","0x3400574fc82b8a213d3aef4be0eb301d2b51f85a6fe6261046839d7e1586b52f","SWAPX:13.49|0.44|5.4075|pxusdt|e00360305202407180058b7aed2137e2"
"FALTA ESSE","0x1e9482404d26040232e8380D488c35Ddb277b105","0xc2132D05D31c914a87C6611C10748AEb04B58e8F","17.47958","FALTA ESSE","Jul-18-2024 12:58:29 AM UTC","0xbe45399a44d5a5c7deb1c072651e67ee52138c402d90af4b5d485e0c1f5c7e89","SWAPX:97.65|3.13|5.4075|pxusdt|e18236120202407180057s0446a6c8f8"
"FALTA ESSE","0x1e9482404d26040232e8380D488c35Ddb277b105","0xc2132D05D31c914a87C6611C10748AEb04B58e8F","3.60613","FALTA ESSE","Jul-18-2024 12:57:49 AM UTC","0x41d953ee2ac2b65ca7b7ec95f3cdaa4b33aae15ba299835ec0397386c5830b5d","SWAPX:20.15|0.65|5.4075|pxusdt|e0000000020240718005726171368240"
"FALTA ESSE","0x958972306C0DB6823FEE650e5618EAc31FA36B9D","0xc2132D05D31c914a87C6611C10748AEb04B58e8F","3.31209","FALTA ESSE","Jul-18-2024 12:57:07 AM UTC","0x76badabbc86240a8e0a21ddc4ab17916ab32c0ae030431a5a73a233d0283ac55","SWAPX:18.51|0.60|5.4075|pxusdt|e0000000020240718005637458892219"
"FALTA ESSE","0x1e9482404d26040232e8380D488c35Ddb277b105","0xc2132D05D31c914a87C6611C10748AEb04B58e8F","5.32598","FALTA ESSE","Jul-18-2024 12:56:23 AM UTC","0xe26b06f50747cc0b2e6f6ec8106537d2ccf838c8ec3ed0e94662af39c77a8fa1","SWAPX:29.76|0.96|5.4075|pxusdt|e18236120202407180055s12e542dee1"
"FALTA ESSE","0x958972306C0DB6823FEE650e5618EAc31FA36B9D","0xc2132D05D31c914a87C6611C10748AEb04B58e8F","5.29454","FALTA ESSE","Jul-18-2024 12:55:25 AM UTC","0x170da7a1c1c67c78f8f870e1c47f8310de2b7bc7e81f53618abf7ba9c2cc385c","SWAPX:29.59|0.96|5.4075|pxusdt|e08044854202407180054up93pg5oapu"
"FALTA ESSE","0x1e9482404d26040232e8380D488c35Ddb277b105","0xc2132D05D31c914a87C6611C10748AEb04B58e8F","2.41333","FALTA ESSE","Jul-18-2024 12:54:45 AM UTC","0x8847f350941bc98720e94986ee25cec337e29cfe2634d6fb8f56b67f4955c397","SWAPX:13.49|0.44|5.4075|pxusdt|e9040088820240718005424584371686"
"FALTA ESSE","0x1e9482404d26040232e8380D488c35Ddb277b105","0xc2132D05D31c914a87C6611C10748AEb04B58e8F","3.75777","FALTA ESSE","Jul-18-2024 12:54:27 AM UTC","0x52b04e4ecc5a12fe471f6dfebb4a0d8fc6154c36f4f6427f067ee40d59a0bffd","SWAPX:21.00|0.68|5.4075|pxusdt|e9279656420240718005402occotv16o"
"FALTA ESSE","0x1e9482404d26040232e8380D488c35Ddb277b105","0xc2132D05D31c914a87C6611C10748AEb04B58e8F","3.31209","FALTA ESSE","Jul-18-2024 12:54:05 AM UTC","0xd4f63b8855a0b427e8e07c6e8123d733342803187dcdd2ea7cff5172d4206b81","SWAPX:18.51|0.60|5.4075|pxusdt|e18236120202407180053s10d8c9be96"
"FALTA ESSE","0x1e9482404d26040232e8380D488c35Ddb277b105","0xc2132D05D31c914a87C6611C10748AEb04B58e8F","5.32413","FALTA ESSE","Jul-18-2024 12:50:57 AM UTC","0x503cb44406af9184e4c386333ad304b1d932ec3bf261b99431d0635846ab2c4d","SWAPX:29.75|0.96|5.4075|pxusdt|e18236120202407180050s1302547acb"
"FALTA ESSE","0x958972306C0DB6823FEE650e5618EAc31FA36B9D","0xc2132D05D31c914a87C6611C10748AEb04B58e8F","3.31209","FALTA ESSE","Jul-18-2024 12:48:29 AM UTC","0xf27481e49a0cc50fbba19a0f5daa84b5aec435b34ba1400213b78151306d83aa","SWAPX:18.51|0.60|5.4075|pxusdt|e9040088820240718004724584203467"
"FALTA ESSE","0x1e9482404d26040232e8380D488c35Ddb277b105","0xc2132D05D31c914a87C6611C10748AEb04B58e8F","3.75777","FALTA ESSE","Jul-18-2024 12:47:09 AM UTC","0x411e093d61715efd3af877fd659fec5979a30d625307cd1cf022e32c42011f06","SWAPX:21.00|0.68|5.4075|pxusdt|e92796564202407180046483w1pri7bl"
"FALTA ESSE","0x1e9482404d26040232e8380D488c35Ddb277b105","0xc2132D05D31c914a87C6611C10748AEb04B58e8F","5.29454","FALTA ESSE","Jul-18-2024 12:45:27 AM UTC","0xe1d6c82638f2745982e9011739f903fccc33b50d49235e6d544bd1537a57be8e","SWAPX:29.59|0.96|5.4075|pxusdt|e00416968202407180045yukrpd5thxi"
"FALTA ESSE","0x958972306C0DB6823FEE650e5618EAc31FA36B9D","0xc2132D05D31c914a87C6611C10748AEb04B58e8F","3.31209","FALTA ESSE","Jul-18-2024 12:44:09 AM UTC","0x7910996da4839a15903bfdeda1b240255e072883ee4ced69ad3ccd4eb1d04d8c","SWAPX:18.51|0.60|5.4075|pxusdt|e00360305202407180043e87992780ba"
"FALTA ESSE","0x1e9482404d26040232e8380D488c35Ddb277b105","0xc2132D05D31c914a87C6611C10748AEb04B58e8F","3.31209","FALTA ESSE","Jul-18-2024 12:43:31 AM UTC","0x2dd7107c382d02550704f687037d4bb6288ab0590253215f313c2018996b169d","SWAPX:18.51|0.60|5.4075|pxusdt|e9270206720240718004300847842459"
"FALTA ESSE","0xd75469E3A9f9F2CED454ac06F1880153C2158a60","0xc2132D05D31c914a87C6611C10748AEb04B58e8F","3.75777","FALTA ESSE","Jul-18-2024 12:42:27 AM UTC","0xc40ab7094f7edc7ce7b3191ee49940808eb9aa6ac64933ee1e39f88ff5aae4bf","SWAPX:21.00|0.68|5.4075|pxusdt|e60746948202407180042a7210bsdaec"
"FALTA ESSE","0x1e9482404d26040232e8380D488c35Ddb277b105","0xc2132D05D31c914a87C6611C10748AEb04B58e8F","2.41333","FALTA ESSE","Jul-18-2024 12:42:23 AM UTC","0x4a1820b29976fec8292c0979ff4e247648a8583cc2af4733dd5f82e4a21e87ba","SWAPX:13.49|0.44|5.4075|pxusdt|e31872495202407180041qikmwkcsneo"
"FALTA ESSE","0x958972306C0DB6823FEE650e5618EAc31FA36B9D","0xc2132D05D31c914a87C6611C10748AEb04B58e8F","3.31209","FALTA ESSE","Jul-18-2024 12:41:41 AM UTC","0xff911c3cbffa2528308696fe368a5cb58e0aba6b0012de646a9b53efd8069373","SWAPX:18.51|0.60|5.4075|pxusdt|e60701190202407180041dy570em20o3"
"FALTA ESSE","0x1e9482404d26040232e8380D488c35Ddb277b105","0xc2132D05D31c914a87C6611C10748AEb04B58e8F","2.41333","FALTA ESSE","Jul-18-2024 12:41:39 AM UTC","0x4f5a158f0ce59a0cdafe331b2f64a070ff11e66990245d327ca03b1c75d0efe9","SWAPX:13.49|0.44|5.4075|pxusdt|e60746948202407180041a2727crgppc"
"FALTA ESSE","0x1e9482404d26040232e8380D488c35Ddb277b105","0xc2132D05D31c914a87C6611C10748AEb04B58e8F","30.43023","FALTA ESSE","Jul-18-2024 12:38:59 AM UTC","0x6bc55fd9c163035c1870d2929162636012d10b91aa1549d12c1d84efde590729","SWAPX:170.00|5.45|5.4075|pxusdt|e10573521202407180038tguyydyopyj"
"FALTA ESSE","0x1e9482404d26040232e8380D488c35Ddb277b105","0xc2132D05D31c914a87C6611C10748AEb04B58e8F","5.29454","FALTA ESSE","Jul-18-2024 12:38:41 AM UTC","0x15f02a600af505e66657157325cc3dd2c34192eb94c714998c3669442fbc1ab6","SWAPX:29.59|0.96|5.4075|pxusdt|e18236120202407180038s015be65898"
"FALTA ESSE","0x1e9482404d26040232e8380D488c35Ddb277b105","0xc2132D05D31c914a87C6611C10748AEb04B58e8F","17.47958","FALTA ESSE","Jul-18-2024 12:38:15 AM UTC","0xfe669e975f3b6a1ae29618e69ccc7b44386066ae1519808ac0dfa68d7d6c1270","SWAPX:97.65|3.13|5.4075|pxusdt|e60701190202407180036dy5o3rquimb"
"FALTA ESSE","0xd75469E3A9f9F2CED454ac06F1880153C2158a60","0xc2132D05D31c914a87C6611C10748AEb04B58e8F","5.29454","FALTA ESSE","Jul-18-2024 12:37:27 AM UTC","0x8a40e54719739a4e56d72626b74006308ef871c39a308918ce86ad5a9ddfe0fe","SWAPX:29.59|0.96|5.4075|pxusdt|e00360305202407180037140979b5d01"
"FALTA ESSE","0x1e9482404d26040232e8380D488c35Ddb277b105","0xc2132D05D31c914a87C6611C10748AEb04B58e8F","5.32598","FALTA ESSE","Jul-18-2024 12:37:21 AM UTC","0xd997e9a30876a65bf844b19e458deff48cbb30325d460cd6241de9e824ec7cbe","SWAPX:29.76|0.96|5.4075|pxusdt|e0000000020240718003657528232495"
"FALTA ESSE","0x958972306C0DB6823FEE650e5618EAc31FA36B9D","0xc2132D05D31c914a87C6611C10748AEb04B58e8F","4.47345","FALTA ESSE","Jul-18-2024 12:36:59 AM UTC","0x98a4a5e456372743ffd09ceb184590f247e5879eda7e1469d38c2c92f4678275","SWAPX:25.00|0.81|5.4075|pxusdt|e00416968202407180036oewhf62mx2u"
"FALTA ESSE","0x958972306C0DB6823FEE650e5618EAc31FA36B9D","0xc2132D05D31c914a87C6611C10748AEb04B58e8F","2.41333","FALTA ESSE","Jul-18-2024 12:36:03 AM UTC","0x5438595a91d36806017dc778109eaa185323dafd4ece756e2a6ae2fe9b59d26d","SWAPX:13.49|0.44|5.4075|pxusdt|e60701190202407180035dy5lx0ip9r2"
"FALTA ESSE","0x1e9482404d26040232e8380D488c35Ddb277b105","0xc2132D05D31c914a87C6611C10748AEb04B58e8F","3.31209","FALTA ESSE","Jul-18-2024 12:36:01 AM UTC","0x79e2b538f81e209e3f4fb02481ab367ff25abc7fa1413155324f5701ea370539","SWAPX:18.51|0.60|5.4075|pxusdt|e18236120202407180035s0035a17df6"
"FALTA ESSE","0x1e9482404d26040232e8380D488c35Ddb277b105","0xc2132D05D31c914a87C6611C10748AEb04B58e8F","5.32598","FALTA ESSE","Jul-18-2024 12:35:31 AM UTC","0x34dc3d8fb76ce0217890ed18b7c2de54ecb95e6fa0ac433538d9cde7978fd98f","SWAPX:29.76|0.96|5.4075|pxusdt|e18236120202407180035s09a4b471e2"
"FALTA ESSE","0x958972306C0DB6823FEE650e5618EAc31FA36B9D","0xc2132D05D31c914a87C6611C10748AEb04B58e8F","6.51947","FALTA ESSE","Jul-18-2024 12:35:15 AM UTC","0x99020fdc6aa52547e9f5386297ac3c27f208960e1a7afcbabb3ff98c0da29453","SWAPX:36.27|1.17|5.3839|pxusdt|e18236120202407180034s16c41e3116"
"FALTA ESSE","0x1e9482404d26040232e8380D488c35Ddb277b105","0xc2132D05D31c914a87C6611C10748AEb04B58e8F","5.29454","FALTA ESSE","Jul-18-2024 12:34:45 AM UTC","0x38df82eb55feda58d53b6b62aabf0a660634b7e8a64a862a0e27265ffa0bd158","SWAPX:29.59|0.96|5.4075|pxusdt|e18236120202407180034s0815e0eedb"
"FALTA ESSE","0x1e9482404d26040232e8380D488c35Ddb277b105","0xc2132D05D31c914a87C6611C10748AEb04B58e8F","5.32598","FALTA ESSE","Jul-18-2024 12:34:17 AM UTC","0x1ca214e6d759b3382a3651e67f9149de6630d9757e5bd6932b7c9fd39c26f17c","SWAPX:29.76|0.96|5.4075|pxusdt|e00360305202407180033145543d6faa"
"FALTA ESSE","0x958972306C0DB6823FEE650e5618EAc31FA36B9D","0xc2132D05D31c914a87C6611C10748AEb04B58e8F","3.31209","FALTA ESSE","Jul-18-2024 12:32:05 AM UTC","0x499ead9e4cc3abecdf596989cb9e1af1a100c5cee787c505f277b64fe804312b","SWAPX:18.51|0.60|5.4075|pxusdt|e22896431202407180031rhidarqtztq"
"FALTA ESSE","0x1e9482404d26040232e8380D488c35Ddb277b105","0xc2132D05D31c914a87C6611C10748AEb04B58e8F","3.66161","FALTA ESSE","Jul-18-2024 12:32:03 AM UTC","0xa3623750a6bcf2d476116c1833698ab2fcd306793e0abfada644a60833579836","SWAPX:20.46|0.66|5.4075|pxusdt|e31872495202407180031ndug4lenqqd"
"FALTA ESSE","0xd75469E3A9f9F2CED454ac06F1880153C2158a60","0xc2132D05D31c914a87C6611C10748AEb04B58e8F","44.94723","FALTA ESSE","Jul-18-2024 12:31:27 AM UTC","0x9124d04d87c602d3529958e5948d4018ba76e5c2af9b77ea059e3022e8d53f7c","SWAPX:251.10|8.05|5.4075|pxusdt|e60746948202407180031a250078daxe"
"FALTA ESSE","0x1e9482404d26040232e8380D488c35Ddb277b105","0xc2132D05D31c914a87C6611C10748AEb04B58e8F","26.84998","FALTA ESSE","Jul-18-2024 12:30:55 AM UTC","0x26696ebd5c341eefbb6ad78c790fb659f4769f18f482f08ed46fcf1e4ad10a32","SWAPX:150.00|4.81|5.4075|pxusdt|e60746948202407180030a7790lh4chk"
"FALTA ESSE","0x1e9482404d26040232e8380D488c35Ddb277b105","0xc2132D05D31c914a87C6611C10748AEb04B58e8F","7.48966","FALTA ESSE","Jul-18-2024 12:30:21 AM UTC","0x54e1f9a4caef5fc15eb7bfd35b9407086dc8a3992747830ea6676bcc547132b0","SWAPX:41.85|1.35|5.4075|pxusdt|e60746948202407180029a3435gyrklg"
"FALTA ESSE","0x1e9482404d26040232e8380D488c35Ddb277b105","0xc2132D05D31c914a87C6611C10748AEb04B58e8F","5.32598","FALTA ESSE","Jul-18-2024 12:29:57 AM UTC","0xb13dcefa231d2cdaba4cba7b3de62c1bd9b92b6858064308a31bb362e8d34541","SWAPX:29.76|0.96|5.4075|pxusdt|e0856170120240718002911017708599"
"FALTA ESSE","0xd75469E3A9f9F2CED454ac06F1880153C2158a60","0xc2132D05D31c914a87C6611C10748AEb04B58e8F","3.31209","FALTA ESSE","Jul-18-2024 12:29:31 AM UTC","0xd93f7609a994634acf427cc75e493282846511733df7b5933b642bab6c98ded6","SWAPX:18.51|0.60|5.4075|pxusdt|e0856170120240718002847556258877"
"FALTA ESSE","0x1e9482404d26040232e8380D488c35Ddb277b105","0xc2132D05D31c914a87C6611C10748AEb04B58e8F","3.31209","FALTA ESSE","Jul-18-2024 12:29:27 AM UTC","0x562c06647ff57910f522302dbcc28bd302f316fe658c7d2e67c44f59e8066eed","SWAPX:18.51|0.60|5.4075|pxusdt|e10573521202407180029czhqkdiib8b"
"FALTA ESSE","0x1e9482404d26040232e8380D488c35Ddb277b105","0xc2132D05D31c914a87C6611C10748AEb04B58e8F","3.31209","FALTA ESSE","Jul-18-2024 12:27:07 AM UTC","0x18e9b075a402033cecb29d6936f588c2dd50c08c240fcdccdaad5335c5c6ecc5","SWAPX:18.51|0.60|5.4075|pxusdt|e0000000020240718002641129326039"
"FALTA ESSE","0xd75469E3A9f9F2CED454ac06F1880153C2158a60","0xc2132D05D31c914a87C6611C10748AEb04B58e8F","3.31209","FALTA ESSE","Jul-18-2024 12:25:55 AM UTC","0x3e663fd76f97991ee07684f586cdc48e700b14d056ed4fdcb855363d9cc5fc14","SWAPX:18.51|0.60|5.4075|pxusdt|e0000000020240718002532035079834"
"FALTA ESSE","0x958972306C0DB6823FEE650e5618EAc31FA36B9D","0xc2132D05D31c914a87C6611C10748AEb04B58e8F","4.47345","FALTA ESSE","Jul-18-2024 12:23:23 AM UTC","0xc3920e4d6aa79564a99a37e9e926246c381d9c81ffb937e0ef5e20a4f935995e","SWAPX:25.00|0.81|5.4075|pxusdt|e0000000020240718002221540811866"
"FALTA ESSE","0x1e9482404d26040232e8380D488c35Ddb277b105","0xc2132D05D31c914a87C6611C10748AEb04B58e8F","3.31209","FALTA ESSE","Jul-18-2024 12:22:39 AM UTC","0xcd4955dad65d52e488eee01a30145711fb04ec9dc472364b29a93059cab4b87d","SWAPX:18.51|0.60|5.4075|pxusdt|e9040088820240718002224583504684"
"FALTA ESSE","0x1e9482404d26040232e8380D488c35Ddb277b105","0xc2132D05D31c914a87C6611C10748AEb04B58e8F","5.29454","FALTA ESSE","Jul-18-2024 12:22:25 AM UTC","0x807c9e90e5ee1c7335c43f1bf89f588825919b12e250364022a2be8042ec7e44","SWAPX:29.59|0.96|5.4075|pxusdt|e9040088820240718002224583501883"
"FALTA ESSE","0x958972306C0DB6823FEE650e5618EAc31FA36B9D","0xc2132D05D31c914a87C6611C10748AEb04B58e8F","26.61882","FALTA ESSE","Jul-18-2024 12:21:05 AM UTC","0x29b43e9b22a9f9bd15318877cd6a6afd21d3f66d4ef071665fe637569bad1b67","SWAPX:148.71|4.77|5.4075|pxusdt|e9040088820240718002024583459467"
"FALTA ESSE","0x1e9482404d26040232e8380D488c35Ddb277b105","0xc2132D05D31c914a87C6611C10748AEb04B58e8F","5.32598","FALTA ESSE","Jul-18-2024 12:19:45 AM UTC","0x2bead043464ccc68ace0b598d72826cdbe93a7bdc7c3d908566947a8c90a97c7","SWAPX:29.76|0.96|5.4075|pxusdt|e31872495202407180019g1pyymlwavl"
"FALTA ESSE","0x1e9482404d26040232e8380D488c35Ddb277b105","0xc2132D05D31c914a87C6611C10748AEb04B58e8F","3.60613","FALTA ESSE","Jul-18-2024 12:19:33 AM UTC","0xe6133edc8664d497a1530df78b05f3c2af19bd2ed96fb82f0911790f468850f9","SWAPX:20.15|0.65|5.4075|pxusdt|e18236120202407180019s139602a9cd"
"FALTA ESSE","0xd75469E3A9f9F2CED454ac06F1880153C2158a60","0xc2132D05D31c914a87C6611C10748AEb04B58e8F","3.66161","FALTA ESSE","Jul-18-2024 12:19:11 AM UTC","0xbd76e3ac7b65d03e8cb4a6e008f416b0e05d1750d83039ae458bc105deaf9a12","SWAPX:20.46|0.66|5.4075|pxusdt|e00416968202407180018zzg23wsq5vn"
"FALTA ESSE","0x958972306C0DB6823FEE650e5618EAc31FA36B9D","0xc2132D05D31c914a87C6611C10748AEb04B58e8F","3.31209","FALTA ESSE","Jul-18-2024 12:19:07 AM UTC","0xa61c0a3087c57abb695a662e2aca959b4348551a4eebd905a35da0c7cf1fc0f4","SWAPX:18.51|0.60|5.4075|pxusdt|e18236120202407180018s05dfdfc588"
"FALTA ESSE","0x1e9482404d26040232e8380D488c35Ddb277b105","0xc2132D05D31c914a87C6611C10748AEb04B58e8F","3.49517","FALTA ESSE","Jul-18-2024 12:19:03 AM UTC","0x81e0d2255c1f5146a8def3edc0d10e4c22cd9b56d088554b246f86d5c154110c","SWAPX:19.53|0.63|5.4075|pxusdt|e18236120202407180018s13aec86ff2"
"FALTA ESSE","0x958972306C0DB6823FEE650e5618EAc31FA36B9D","0xc2132D05D31c914a87C6611C10748AEb04B58e8F","3.31209","FALTA ESSE","Jul-18-2024 12:17:37 AM UTC","0xe44991b168497833d8acc43802dacf674ff2f1f8fd352917d413f87579419fc0","SWAPX:18.51|0.60|5.4075|pxusdt|e00360305202407180017fe64eb154c4"
"FALTA ESSE","0x958972306C0DB6823FEE650e5618EAc31FA36B9D","0xc2132D05D31c914a87C6611C10748AEb04B58e8F","3.31209","FALTA ESSE","Jul-18-2024 12:16:43 AM UTC","0x836616532b69eabb57b2c95f673a5f31dc25ad1bfd3c8740137fb62c255db883","SWAPX:18.51|0.60|5.4075|pxusdt|e18236120202407180016s1099695d12"
"FALTA ESSE","0x1e9482404d26040232e8380D488c35Ddb277b105","0xc2132D05D31c914a87C6611C10748AEb04B58e8F","5.32598","FALTA ESSE","Jul-18-2024 12:16:23 AM UTC","0xaf2a63243c1bb112c7c49008c59813080850dba592d2b6b53fb0ab9e5010f8f1","SWAPX:29.76|0.96|5.4075|pxusdt|e0856170120240718001604695845121"
"FALTA ESSE","0x1e9482404d26040232e8380D488c35Ddb277b105","0xc2132D05D31c914a87C6611C10748AEb04B58e8F","4.47345","FALTA ESSE","Jul-18-2024 12:14:47 AM UTC","0x7cb5a12ebdb64df995d8a1751612e9efff0861613f32b956633a3905867b05f2","SWAPX:25.00|0.81|5.4075|pxusdt|e18236120202407180014s05fe0c597d"
"FALTA ESSE","0x1e9482404d26040232e8380D488c35Ddb277b105","0xc2132D05D31c914a87C6611C10748AEb04B58e8F","3.31209","FALTA ESSE","Jul-18-2024 12:12:01 AM UTC","0x27aa95486ef3b395a3cc6d13c8df762738dcd29adf9fe632590cd6d2bc8b4f48","SWAPX:18.51|0.60|5.4075|pxusdt|e18236120202407180011s04c2c842ed"
"FALTA ESSE","0x958972306C0DB6823FEE650e5618EAc31FA36B9D","0xc2132D05D31c914a87C6611C10748AEb04B58e8F","5.32598","FALTA ESSE","Jul-18-2024 12:11:39 AM UTC","0x782267e151db341ea088a2789542094445abda9f45dce7698573f1cd991b6b10","SWAPX:29.76|0.96|5.4075|pxusdt|e318724952024071800114a28icbrnfm"
"FALTA ESSE","0x1e9482404d26040232e8380D488c35Ddb277b105","0xc2132D05D31c914a87C6611C10748AEb04B58e8F","2.41333","FALTA ESSE","Jul-18-2024 12:11:37 AM UTC","0x54c9ddbac52ce2ca50540be00f64abaad735b8b78706b505e2b1af2ec03eff4b","SWAPX:13.49|0.44|5.4075|pxusdt|e18236120202407180011s09969efbee"
"FALTA ESSE","0xd75469E3A9f9F2CED454ac06F1880153C2158a60","0xc2132D05D31c914a87C6611C10748AEb04B58e8F","3.75777","FALTA ESSE","Jul-18-2024 12:09:13 AM UTC","0x7dfd3fff3c76244556214946db5b563d33e69645300c82c04fa89e664bfe69c5","SWAPX:21.00|0.68|5.4075|pxusdt|e0000000020240718000526889694913"
"FALTA ESSE","0x1e9482404d26040232e8380D488c35Ddb277b105","0xc2132D05D31c914a87C6611C10748AEb04B58e8F","3.31209","FALTA ESSE","Jul-18-2024 12:08:59 AM UTC","0x2542af77dc1d41cca7cdbbcc4a24aa674079dfd95d06c499f31b38f06211e8a8","SWAPX:18.51|0.60|5.4075|pxusdt|e8109949120240718000838s5p2bkjzb"
"FALTA ESSE","0x958972306C0DB6823FEE650e5618EAc31FA36B9D","0xc2132D05D31c914a87C6611C10748AEb04B58e8F","5.32598","FALTA ESSE","Jul-18-2024 12:08:01 AM UTC","0x98f1824084aabafc27e9c79e3d1d35cf399415607d24a106ffb617cc8d434491","SWAPX:29.76|0.96|5.4075|pxusdt|e60701190202407180007dy5v3eeqhr8"
"FALTA ESSE","0xd75469E3A9f9F2CED454ac06F1880153C2158a60","0xc2132D05D31c914a87C6611C10748AEb04B58e8F","3.31209","FALTA ESSE","Jul-18-2024 12:07:09 AM UTC","0xa14b7d8b3c6154534f660d7eb9292c7a0c4971f1e1b44a04504c9777d5d3f6f2","SWAPX:18.51|0.60|5.4075|pxusdt|e0000000020240718000629857983040"
"FALTA ESSE","0x958972306C0DB6823FEE650e5618EAc31FA36B9D","0xc2132D05D31c914a87C6611C10748AEb04B58e8F","2.41333","FALTA ESSE","Jul-18-2024 12:07:07 AM UTC","0xa1ae75ac2ee007b9e4ebff05c316d0a1de17136b01955e67a412422863be611a","SWAPX:13.49|0.44|5.4075|pxusdt|e00416968202407180006wmjrn9aynct"
"FALTA ESSE","0x1e9482404d26040232e8380D488c35Ddb277b105","0xc2132D05D31c914a87C6611C10748AEb04B58e8F","5.32598","FALTA ESSE","Jul-18-2024 12:06:33 AM UTC","0x3b677c85b3f3f95b993ce8a054077aa4d5255d1f02d866e19691e4ab0189d4d8","SWAPX:29.76|0.96|5.4075|pxusdt|e0000000020240718000609249482843"
"FALTA ESSE","0x1e9482404d26040232e8380D488c35Ddb277b105","0xc2132D05D31c914a87C6611C10748AEb04B58e8F","3.31209","FALTA ESSE","Jul-18-2024 12:03:31 AM UTC","0x53584ac1c385899fb7cb732e7151e051ec250470f2f7c4c4f6d355bdf703731b","SWAPX:18.51|0.60|5.4075|pxusdt|e17192451202407180003dy57ksuygiv"
"FALTA ESSE","0x1e9482404d26040232e8380D488c35Ddb277b105","0xc2132D05D31c914a87C6611C10748AEb04B58e8F","5.32598","FALTA ESSE","Jul-18-2024 12:03:17 AM UTC","0x69b2a9dab9ac76304d716d163c0c9376ac633528bc042c8f011c189f9b811136","SWAPX:29.76|0.96|5.4075|pxusdt|e165015552024071800039948119d582"
"FALTA ESSE","0x1e9482404d26040232e8380D488c35Ddb277b105","0xc2132D05D31c914a87C6611C10748AEb04B58e8F","3.31209","FALTA ESSE","Jul-18-2024 12:02:25 AM UTC","0x3deb9a3f22cac2463d1f9bfc9f40068340c07f8cb95ce4fd28dac07421c4ddae","SWAPX:18.51|0.60|5.4075|pxusdt|e18236120202407180002s05f8bac450"
